contract_id,customer_id,contract_start,contract_term,deposit,monthly_amt
1,127,8/17/2019,12,"$53,000.00","$11,600.00"
2,119,12/1/2019,22,"$77,000.00","$14,600.00"
3,160,5/1/2019,15,"$13,000.00","$22,800.00"
4,7,12/8/2019,23,"$56,000.00","$11,400.00"
5,144,2/11/2019,7,"$21,000.00","$19,800.00"
6,75,8/7/2019,9,"$74,000.00","$13,500.00"
7,189,5/10/2019,16,"$75,000.00","$9,200.00"
8,111,2/5/2019,20,"$31,000.00","$15,700.00"
9,107,7/13/2019,3,"$76,000.00","$11,000.00"
10,44,12/26/2019,20,"$52,000.00","$8,800.00"
11,6,12/7/2019,4,"$26,000.00","$19,100.00"
12,125,8/30/2019,9,"$20,000.00","$21,900.00"
13,89,6/16/2019,15,"$51,000.00","$15,500.00"
14,133,12/29/2019,19,"$95,000.00","$20,100.00"
15,135,7/11/2019,14,"$41,000.00","$23,700.00"
16,148,5/15/2019,13,"$78,000.00","$17,500.00"
17,164,5/4/2019,21,"$28,000.00","$11,800.00"
18,119,5/18/2019,8,"$79,000.00","$10,700.00"
19,67,5/8/2019,22,"$12,000.00","$12,100.00"
20,57,1/16/2019,18,"$16,000.00","$5,900.00"
21,89,9/12/2019,5,"$56,000.00","$8,300.00"
22,176,5/23/2019,11,"$94,000.00","$24,400.00"
23,60,7/13/2019,1,"$29,000.00","$21,400.00"
24,120,12/5/2019,24,"$33,000.00","$17,700.00"
25,59,3/27/2019,4,"$87,000.00","$19,000.00"
26,6,3/3/2019,17,"$69,000.00","$19,400.00"
27,127,2/5/2019,20,"$86,000.00","$16,300.00"
28,187,8/29/2019,11,"$71,000.00","$17,200.00"
29,137,9/26/2019,13,"$97,000.00","$21,800.00"
30,104,12/28/2019,6,"$92,000.00","$6,900.00"
31,73,6/17/2019,9,"$13,000.00","$17,100.00"
32,7,4/8/2019,10,"$60,000.00","$19,300.00"
33,23,12/11/2019,3,"$43,000.00","$11,900.00"
34,116,2/2/2019,15,"$70,000.00","$14,100.00"
35,133,4/16/2019,23,"$36,000.00","$8,700.00"
36,59,12/22/2019,11,"$30,000.00","$13,200.00"
37,107,10/28/2019,2,"$49,000.00","$22,600.00"
38,25,3/17/2019,18,"$75,000.00","$13,100.00"
39,92,8/15/2019,7,"$36,000.00","$14,800.00"
40,141,5/19/2019,4,"$23,000.00","$21,800.00"
41,1,5/31/2019,24,"$86,000.00","$11,200.00"
42,8,1/8/2019,7,"$28,000.00","$24,000.00"
43,172,12/21/2019,24,"$45,000.00","$19,700.00"
44,139,9/24/2019,17,"$68,000.00","$17,600.00"
45,64,1/16/2019,8,"$80,000.00","$10,800.00"
46,41,4/17/2019,4,"$96,000.00","$21,100.00"
47,200,2/10/2019,12,"$11,000.00","$18,700.00"
48,131,2/12/2019,24,"$73,000.00","$10,900.00"
49,130,12/1/2019,16,"$65,000.00","$6,600.00"
50,98,11/13/2019,2,"$84,000.00","$20,800.00"
51,160,3/18/2019,20,"$11,000.00","$6,900.00"
52,87,1/7/2019,16,"$80,000.00","$9,600.00"
53,17,5/4/2019,10,"$44,000.00","$16,500.00"
54,16,5/1/2019,14,"$94,000.00","$14,200.00"
55,58,1/12/2019,17,"$48,000.00","$17,100.00"
56,144,7/16/2019,15,"$31,000.00","$18,700.00"
57,87,7/29/2019,19,"$79,000.00","$23,900.00"
58,197,11/20/2019,16,"$93,000.00","$12,800.00"
59,49,12/13/2019,7,"$97,000.00","$15,800.00"
60,20,1/1/2019,11,"$45,000.00","$11,900.00"
61,35,12/6/2019,11,"$72,000.00","$15,900.00"
62,165,10/2/2019,8,"$55,000.00","$12,500.00"
63,91,8/31/2019,7,"$81,000.00","$8,800.00"
64,72,3/23/2019,16,"$38,000.00","$10,000.00"
65,76,1/15/2019,2,"$28,000.00","$13,200.00"
66,17,1/5/2019,21,"$71,000.00","$12,200.00"
67,193,10/25/2019,18,"$85,000.00","$13,000.00"
68,47,3/13/2019,13,"$47,000.00","$16,800.00"
69,26,4/20/2019,9,"$40,000.00","$24,400.00"
70,48,7/7/2019,12,"$35,000.00","$5,700.00"
71,67,2/23/2019,17,"$75,000.00","$12,800.00"
72,58,3/8/2019,16,"$52,000.00","$16,500.00"
73,51,3/15/2019,3,"$35,000.00","$6,900.00"
74,171,11/12/2019,5,"$58,000.00","$24,600.00"
75,58,6/7/2019,22,"$71,000.00","$20,800.00"
76,51,7/18/2019,6,"$24,000.00","$18,300.00"
77,112,9/19/2019,12,"$76,000.00","$10,600.00"
78,82,9/12/2019,10,"$10,000.00","$21,800.00"
79,128,5/11/2019,23,"$42,000.00","$8,800.00"
80,186,3/11/2019,15,"$63,000.00","$22,100.00"
81,90,7/28/2019,18,"$48,000.00","$22,900.00"
82,143,4/1/2019,4,"$92,000.00","$5,300.00"
83,181,8/10/2019,6,"$29,000.00","$24,400.00"
84,15,4/4/2019,1,"$65,000.00","$22,600.00"
85,95,8/13/2019,1,"$17,000.00","$21,700.00"
86,194,8/1/2019,15,"$19,000.00","$21,900.00"
87,155,5/11/2019,3,"$89,000.00","$15,300.00"
88,130,10/9/2019,10,"$95,000.00","$19,700.00"
89,138,12/29/2019,17,"$11,000.00","$22,700.00"
90,43,2/3/2019,11,"$67,000.00","$6,600.00"
91,75,4/20/2019,6,"$22,000.00","$5,800.00"
92,85,10/14/2019,14,"$75,000.00","$22,600.00"
93,9,12/14/2019,15,"$79,000.00","$24,800.00"
94,123,11/17/2019,3,"$29,000.00","$19,200.00"
95,117,2/28/2019,14,"$11,000.00","$21,100.00"
96,120,11/11/2019,22,"$53,000.00","$5,200.00"
97,179,7/30/2019,7,"$20,000.00","$19,700.00"
98,14,3/1/2019,13,"$64,000.00","$8,100.00"
99,67,12/15/2019,23,"$70,000.00","$14,600.00"
100,111,9/29/2019,7,"$59,000.00","$19,300.00"
101,187,10/31/2019,8,"$42,000.00","$11,300.00"
102,182,2/17/2019,12,"$32,000.00","$12,400.00"
103,120,5/2/2019,8,"$73,000.00","$22,200.00"
104,176,3/27/2019,18,"$21,000.00","$10,500.00"
105,15,1/31/2019,1,"$61,000.00","$20,200.00"
106,87,3/12/2019,14,"$38,000.00","$8,700.00"
107,121,7/29/2019,19,"$62,000.00","$23,300.00"
108,12,7/3/2019,6,"$99,000.00","$20,600.00"
109,90,11/27/2019,21,"$34,000.00","$8,600.00"
110,154,9/3/2019,3,"$81,000.00","$21,700.00"
111,180,6/25/2019,17,"$59,000.00","$6,000.00"
112,127,7/15/2019,5,"$68,000.00","$10,200.00"
113,54,2/11/2019,16,"$97,000.00","$11,100.00"
114,187,5/2/2019,9,"$96,000.00","$17,000.00"
115,25,9/30/2019,19,"$83,000.00","$19,900.00"
116,50,11/10/2019,14,"$88,000.00","$15,500.00"
117,123,8/10/2019,22,"$99,000.00","$6,000.00"
118,138,6/19/2019,21,"$97,000.00","$13,500.00"
119,115,12/16/2019,3,"$27,000.00","$7,100.00"
120,110,7/26/2019,9,"$25,000.00","$10,400.00"
121,178,6/16/2019,13,"$99,000.00","$9,800.00"
122,40,11/14/2019,20,"$49,000.00","$9,300.00"
123,58,12/11/2019,21,"$89,000.00","$8,200.00"
124,180,4/19/2019,10,"$59,000.00","$20,900.00"
125,77,12/18/2019,7,"$53,000.00","$18,700.00"
126,101,4/22/2019,24,"$71,000.00","$22,500.00"
127,116,11/16/2019,23,"$97,000.00","$22,600.00"
128,133,12/18/2019,7,"$85,000.00","$7,900.00"
129,160,9/2/2019,7,"$81,000.00","$20,300.00"
130,191,6/2/2019,9,"$58,000.00","$14,300.00"
131,133,1/29/2019,14,"$44,000.00","$21,600.00"
132,111,8/14/2019,1,"$93,000.00","$6,000.00"
133,116,7/29/2019,15,"$18,000.00","$13,000.00"
134,90,12/25/2019,10,"$28,000.00","$21,700.00"
135,192,12/1/2019,11,"$10,000.00","$21,400.00"
136,140,6/23/2019,3,"$76,000.00","$8,200.00"
137,165,9/17/2019,5,"$54,000.00","$6,200.00"
138,103,12/22/2019,14,"$70,000.00","$18,700.00"
139,9,6/12/2019,20,"$57,000.00","$20,600.00"
140,29,3/11/2019,17,"$52,000.00","$21,600.00"
141,16,8/10/2019,21,"$81,000.00","$6,900.00"
142,40,10/19/2019,1,"$25,000.00","$24,800.00"
143,45,5/1/2019,21,"$63,000.00","$14,500.00"
144,176,5/17/2019,8,"$17,000.00","$13,000.00"
145,15,7/2/2019,23,"$43,000.00","$10,200.00"
146,79,9/7/2019,21,"$74,000.00","$12,700.00"
147,153,8/1/2019,20,"$64,000.00","$6,000.00"
148,104,1/14/2019,22,"$70,000.00","$22,400.00"
149,40,8/11/2019,9,"$67,000.00","$11,900.00"
150,59,9/28/2019,10,"$86,000.00","$18,000.00"
151,33,4/4/2019,21,"$17,000.00","$22,100.00"
152,82,12/14/2019,19,"$90,000.00","$6,600.00"
153,62,10/28/2019,14,"$78,000.00","$7,900.00"
154,94,10/28/2019,6,"$28,000.00","$19,500.00"
155,192,8/1/2019,16,"$59,000.00","$14,100.00"
156,26,3/15/2019,14,"$82,000.00","$12,800.00"
157,125,9/30/2019,2,"$59,000.00","$11,900.00"
158,150,12/30/2019,10,"$65,000.00","$24,600.00"
159,148,12/5/2019,3,"$72,000.00","$22,700.00"
160,137,3/28/2019,15,"$100,000.00","$22,400.00"
161,196,1/12/2019,16,"$85,000.00","$8,000.00"
162,112,3/26/2019,8,"$29,000.00","$11,500.00"
163,167,11/14/2019,2,"$25,000.00","$9,900.00"
164,27,3/29/2019,11,"$61,000.00","$14,200.00"
165,138,1/24/2019,17,"$55,000.00","$12,500.00"
166,107,1/14/2019,10,"$83,000.00","$18,700.00"
167,67,6/1/2019,5,"$22,000.00","$15,300.00"
168,88,3/31/2019,12,"$47,000.00","$19,100.00"
169,126,12/30/2019,20,"$36,000.00","$12,000.00"
170,92,8/29/2019,3,"$94,000.00","$23,300.00"
171,139,4/21/2019,16,"$40,000.00","$5,100.00"
172,171,4/4/2019,9,"$69,000.00","$21,000.00"
173,191,12/9/2019,15,"$61,000.00","$14,400.00"
174,197,2/2/2019,12,"$14,000.00","$9,400.00"
175,30,12/25/2019,18,"$13,000.00","$14,400.00"
176,23,11/3/2019,12,"$94,000.00","$14,200.00"
177,110,7/25/2019,12,"$59,000.00","$22,500.00"
178,12,9/10/2019,8,"$35,000.00","$14,400.00"
179,71,9/17/2019,16,"$25,000.00","$22,100.00"
180,178,9/29/2019,20,"$80,000.00","$11,500.00"
181,78,7/31/2019,11,"$29,000.00","$11,600.00"
182,197,10/24/2019,15,"$80,000.00","$5,600.00"
183,146,7/15/2019,21,"$11,000.00","$20,000.00"
184,23,10/23/2019,15,"$45,000.00","$17,100.00"
185,123,5/12/2019,12,"$91,000.00","$20,800.00"
186,64,3/11/2019,1,"$57,000.00","$23,100.00"
187,86,12/13/2019,11,"$77,000.00","$18,500.00"
188,128,9/16/2019,15,"$29,000.00","$17,300.00"
189,101,9/29/2019,7,"$48,000.00","$5,300.00"
190,19,8/7/2019,7,"$43,000.00","$16,700.00"
191,134,4/19/2019,1,"$20,000.00","$8,500.00"
192,145,11/21/2019,18,"$57,000.00","$23,000.00"
193,175,6/15/2019,11,"$33,000.00","$13,500.00"
194,58,8/13/2019,7,"$48,000.00","$17,200.00"
195,128,12/3/2019,17,"$76,000.00","$11,700.00"
196,185,6/12/2019,16,"$28,000.00","$12,200.00"
197,74,9/27/2019,13,"$16,000.00","$21,000.00"
198,170,6/25/2019,5,"$62,000.00","$21,900.00"
199,167,6/14/2019,19,"$49,000.00","$5,600.00"
200,56,10/19/2019,22,"$45,000.00","$10,600.00"
201,200,1/28/2019,20,"$20,000.00","$5,000.00"
202,46,5/25/2019,13,"$46,000.00","$14,400.00"
203,178,8/23/2019,2,"$57,000.00","$6,800.00"
204,26,1/3/2019,19,"$36,000.00","$5,700.00"
205,198,4/27/2019,8,"$46,000.00","$9,500.00"
206,63,6/21/2019,24,"$61,000.00","$9,700.00"
207,73,5/15/2019,18,"$69,000.00","$7,600.00"
208,29,3/2/2019,7,"$66,000.00","$10,400.00"
209,109,2/2/2019,7,"$44,000.00","$23,600.00"
210,161,2/1/2019,20,"$34,000.00","$13,900.00"
211,16,6/15/2019,1,"$34,000.00","$14,200.00"
212,155,12/15/2019,16,"$70,000.00","$18,800.00"
213,162,4/7/2019,5,"$99,000.00","$23,500.00"
214,98,3/25/2019,7,"$26,000.00","$20,300.00"
215,43,1/17/2019,10,"$28,000.00","$14,600.00"
216,158,8/21/2019,18,"$31,000.00","$22,400.00"
217,58,1/23/2019,21,"$75,000.00","$10,300.00"
218,109,9/23/2019,12,"$13,000.00","$17,500.00"
219,114,2/1/2019,19,"$12,000.00","$19,900.00"
220,169,9/17/2019,20,"$30,000.00","$14,700.00"
221,128,8/6/2019,10,"$39,000.00","$24,000.00"
222,125,12/3/2019,15,"$73,000.00","$23,500.00"
223,154,8/21/2019,18,"$62,000.00","$15,500.00"
224,89,8/9/2019,2,"$75,000.00","$19,400.00"
225,101,7/2/2019,18,"$44,000.00","$21,700.00"
226,187,10/13/2019,1,"$77,000.00","$9,600.00"
227,87,2/2/2019,23,"$62,000.00","$19,500.00"
228,139,5/17/2019,15,"$22,000.00","$22,800.00"
229,110,9/20/2019,6,"$29,000.00","$12,700.00"
230,119,11/3/2019,9,"$94,000.00","$21,100.00"
231,175,5/23/2019,11,"$78,000.00","$6,500.00"
232,122,8/4/2019,12,"$66,000.00","$15,400.00"
233,32,10/26/2019,21,"$33,000.00","$20,400.00"
234,185,11/22/2019,15,"$44,000.00","$14,100.00"
235,171,7/23/2019,6,"$32,000.00","$25,000.00"
236,7,2/5/2019,12,"$10,000.00","$14,200.00"
237,157,9/13/2019,7,"$20,000.00","$14,100.00"
238,120,7/3/2019,5,"$81,000.00","$7,600.00"
239,46,11/18/2019,10,"$86,000.00","$14,800.00"
240,112,8/19/2019,10,"$58,000.00","$13,200.00"
241,121,7/9/2019,6,"$36,000.00","$6,800.00"
242,177,7/1/2019,15,"$24,000.00","$13,600.00"
243,134,5/11/2019,5,"$22,000.00","$10,300.00"
244,43,2/28/2019,3,"$63,000.00","$9,500.00"
245,25,12/2/2019,9,"$97,000.00","$24,900.00"
246,70,9/24/2019,3,"$57,000.00","$14,400.00"
247,168,1/5/2019,20,"$77,000.00","$12,900.00"
248,128,3/17/2019,1,"$19,000.00","$6,300.00"
249,77,4/22/2019,9,"$90,000.00","$9,400.00"
250,66,1/31/2019,14,"$68,000.00","$13,600.00"
251,121,12/14/2019,23,"$99,000.00","$18,000.00"
252,54,1/22/2019,17,"$99,000.00","$10,100.00"
253,38,12/5/2019,19,"$20,000.00","$15,300.00"
254,98,10/1/2019,20,"$16,000.00","$21,500.00"
255,145,10/2/2019,6,"$65,000.00","$23,600.00"
256,45,3/26/2019,17,"$11,000.00","$11,900.00"
257,96,7/2/2019,1,"$96,000.00","$23,200.00"
258,130,5/28/2019,12,"$36,000.00","$8,100.00"
259,104,4/14/2019,10,"$42,000.00","$5,500.00"
260,114,10/8/2019,23,"$95,000.00","$5,400.00"
261,59,9/30/2019,5,"$91,000.00","$18,900.00"
262,78,11/5/2019,19,"$23,000.00","$7,100.00"
263,161,8/3/2019,16,"$34,000.00","$12,000.00"
264,82,2/11/2019,10,"$15,000.00","$19,500.00"
265,92,12/19/2019,10,"$29,000.00","$20,600.00"
266,184,1/11/2019,13,"$69,000.00","$14,300.00"
267,68,11/20/2019,24,"$32,000.00","$14,500.00"
268,7,2/24/2019,13,"$33,000.00","$17,600.00"
269,43,4/5/2019,16,"$64,000.00","$6,600.00"
270,93,6/7/2019,20,"$63,000.00","$24,600.00"
271,188,11/3/2019,10,"$13,000.00","$23,300.00"
272,199,2/14/2019,5,"$17,000.00","$17,400.00"
273,42,3/5/2019,6,"$34,000.00","$23,200.00"
274,84,3/14/2019,18,"$35,000.00","$17,800.00"
275,111,12/3/2019,18,"$22,000.00","$21,300.00"
276,126,3/12/2019,22,"$56,000.00","$14,300.00"
277,35,8/13/2019,17,"$40,000.00","$16,700.00"
278,107,4/21/2019,1,"$94,000.00","$17,400.00"
279,33,2/27/2019,19,"$43,000.00","$24,900.00"
280,110,11/7/2019,10,"$92,000.00","$15,500.00"
281,33,8/1/2019,16,"$38,000.00","$21,500.00"
282,89,7/15/2019,23,"$34,000.00","$20,600.00"
283,178,1/14/2019,4,"$97,000.00","$12,700.00"
284,200,12/28/2019,17,"$78,000.00","$17,600.00"
285,194,6/14/2019,7,"$16,000.00","$22,000.00"
286,161,8/4/2019,21,"$89,000.00","$22,700.00"
287,171,11/13/2019,11,"$55,000.00","$22,200.00"
288,190,2/19/2019,10,"$20,000.00","$14,700.00"
289,25,10/25/2019,20,"$53,000.00","$18,300.00"
290,58,8/30/2019,4,"$64,000.00","$10,800.00"
291,195,11/30/2019,6,"$69,000.00","$12,500.00"
292,182,8/27/2019,5,"$35,000.00","$5,500.00"
293,10,10/18/2019,2,"$47,000.00","$17,300.00"
294,137,8/30/2019,10,"$38,000.00","$21,900.00"
295,156,8/4/2019,10,"$65,000.00","$10,400.00"
296,127,8/13/2019,8,"$68,000.00","$18,800.00"
297,174,5/21/2019,11,"$95,000.00","$23,200.00"
298,114,5/9/2019,2,"$15,000.00","$13,000.00"
299,74,3/27/2019,17,"$67,000.00","$7,000.00"
300,54,8/10/2019,2,"$13,000.00","$11,800.00"
301,66,12/9/2019,1,"$14,000.00","$15,700.00"
302,84,10/31/2019,3,"$41,000.00","$10,300.00"
303,10,12/9/2019,17,"$97,000.00","$6,300.00"
304,188,1/19/2019,20,"$34,000.00","$12,800.00"
305,147,3/11/2019,12,"$60,000.00","$20,900.00"
306,112,3/17/2019,24,"$20,000.00","$10,600.00"
307,42,2/27/2019,17,"$19,000.00","$19,100.00"
308,2,3/28/2019,24,"$14,000.00","$6,900.00"
309,21,12/9/2019,1,"$44,000.00","$22,700.00"
310,138,11/7/2019,19,"$48,000.00","$15,400.00"
311,100,1/17/2019,4,"$90,000.00","$16,700.00"
312,176,11/20/2019,23,"$48,000.00","$20,700.00"
313,182,8/5/2019,21,"$80,000.00","$10,400.00"
314,21,11/6/2019,18,"$95,000.00","$10,600.00"
315,162,10/29/2019,2,"$82,000.00","$6,100.00"
316,66,7/21/2019,14,"$43,000.00","$23,500.00"
317,19,4/14/2019,12,"$36,000.00","$20,100.00"
318,36,11/27/2019,5,"$98,000.00","$18,800.00"
319,106,4/21/2019,18,"$71,000.00","$13,500.00"
320,141,2/6/2019,20,"$69,000.00","$12,400.00"
321,143,1/23/2019,1,"$15,000.00","$5,900.00"
322,104,5/12/2019,3,"$24,000.00","$15,000.00"
323,82,5/25/2019,4,"$40,000.00","$16,400.00"
324,18,11/28/2019,5,"$70,000.00","$14,700.00"
325,26,4/20/2019,15,"$24,000.00","$5,000.00"
326,137,9/12/2019,17,"$95,000.00","$18,300.00"
327,10,12/17/2019,15,"$60,000.00","$12,300.00"
328,118,2/23/2019,21,"$19,000.00","$7,700.00"
329,10,8/2/2019,8,"$95,000.00","$21,600.00"
330,47,3/15/2019,21,"$73,000.00","$21,100.00"
331,173,2/10/2019,2,"$45,000.00","$24,000.00"
332,190,10/6/2019,15,"$41,000.00","$22,300.00"
333,31,7/29/2019,10,"$75,000.00","$6,900.00"
334,170,5/10/2019,5,"$92,000.00","$14,400.00"
335,72,7/17/2019,22,"$24,000.00","$11,200.00"
336,130,12/6/2019,4,"$21,000.00","$14,500.00"
337,102,10/8/2019,11,"$47,000.00","$20,700.00"
338,76,5/21/2019,4,"$94,000.00","$16,100.00"
339,57,9/29/2019,24,"$66,000.00","$7,000.00"
340,44,4/10/2019,2,"$55,000.00","$8,200.00"
341,97,5/18/2019,9,"$59,000.00","$9,200.00"
342,78,10/19/2019,16,"$54,000.00","$10,400.00"
343,130,6/7/2019,10,"$87,000.00","$20,500.00"
344,91,10/29/2019,12,"$34,000.00","$7,200.00"
345,56,1/20/2019,4,"$58,000.00","$14,900.00"
346,174,3/15/2019,2,"$61,000.00","$14,900.00"
347,16,10/5/2019,16,"$24,000.00","$7,300.00"
348,130,8/30/2019,21,"$90,000.00","$19,300.00"
349,6,5/16/2019,10,"$28,000.00","$11,900.00"
350,92,7/31/2019,20,"$45,000.00","$10,000.00"
351,142,1/24/2019,7,"$77,000.00","$24,000.00"
352,70,3/24/2019,1,"$37,000.00","$17,900.00"
353,92,3/19/2019,22,"$98,000.00","$10,400.00"
354,129,10/3/2019,12,"$59,000.00","$17,900.00"
355,24,3/19/2019,14,"$50,000.00","$5,800.00"
356,35,3/23/2019,11,"$59,000.00","$8,000.00"
357,85,2/8/2019,9,"$59,000.00","$18,200.00"
358,1,6/18/2019,13,"$74,000.00","$19,000.00"
359,141,5/5/2019,9,"$27,000.00","$21,000.00"
360,101,10/7/2019,10,"$86,000.00","$22,400.00"
361,3,8/11/2019,1,"$49,000.00","$17,900.00"
362,125,4/18/2019,9,"$44,000.00","$23,300.00"
363,158,12/29/2019,22,"$70,000.00","$18,500.00"
364,183,12/21/2019,24,"$89,000.00","$18,600.00"
365,61,5/2/2019,24,"$67,000.00","$6,500.00"
366,192,6/9/2019,2,"$48,000.00","$7,000.00"
367,26,4/18/2019,21,"$95,000.00","$12,600.00"
368,95,1/23/2019,11,"$35,000.00","$19,100.00"
369,30,6/2/2019,12,"$71,000.00","$22,700.00"
370,139,9/27/2019,24,"$83,000.00","$5,100.00"
371,66,4/19/2019,16,"$71,000.00","$14,500.00"
372,106,5/25/2019,22,"$51,000.00","$21,200.00"
373,183,3/10/2019,4,"$84,000.00","$23,800.00"
374,88,5/1/2019,1,"$32,000.00","$7,000.00"
375,93,3/16/2019,1,"$39,000.00","$8,000.00"
376,7,1/8/2019,13,"$43,000.00","$20,300.00"
377,75,10/18/2019,18,"$89,000.00","$15,600.00"
378,4,12/10/2019,24,"$46,000.00","$15,700.00"
379,26,7/11/2019,7,"$75,000.00","$12,300.00"
380,193,1/22/2019,4,"$25,000.00","$19,300.00"
381,104,2/28/2019,10,"$10,000.00","$10,700.00"
382,75,8/6/2019,11,"$14,000.00","$15,100.00"
383,137,8/5/2019,20,"$26,000.00","$15,900.00"
384,126,7/30/2019,3,"$74,000.00","$18,900.00"
385,73,12/27/2019,19,"$35,000.00","$9,900.00"
386,112,8/19/2019,15,"$76,000.00","$5,500.00"
387,35,8/4/2019,8,"$12,000.00","$13,800.00"
388,129,5/9/2019,1,"$59,000.00","$8,200.00"
389,113,9/27/2019,24,"$56,000.00","$19,400.00"
390,168,5/11/2019,23,"$83,000.00","$22,000.00"
391,126,7/8/2019,2,"$62,000.00","$15,100.00"
392,90,1/1/2019,20,"$67,000.00","$7,700.00"
393,55,6/3/2019,1,"$60,000.00","$22,400.00"
394,73,9/3/2019,14,"$55,000.00","$12,700.00"
395,148,1/4/2019,7,"$53,000.00","$19,400.00"
396,44,7/30/2019,13,"$81,000.00","$17,800.00"
397,94,9/29/2019,6,"$68,000.00","$12,100.00"
398,10,9/26/2019,22,"$38,000.00","$18,700.00"
399,179,9/10/2019,23,"$98,000.00","$15,700.00"
400,1,8/11/2019,19,"$38,000.00","$8,800.00"
401,131,4/6/2019,7,"$11,000.00","$17,800.00"
402,25,4/11/2019,19,"$72,000.00","$6,100.00"
403,142,4/4/2019,15,"$24,000.00","$17,500.00"
404,179,1/22/2019,2,"$87,000.00","$12,700.00"
405,45,12/20/2019,15,"$79,000.00","$16,200.00"
406,37,1/16/2019,15,"$22,000.00","$24,500.00"
407,108,3/4/2019,5,"$52,000.00","$6,300.00"
408,169,4/19/2019,24,"$62,000.00","$24,500.00"
409,31,4/30/2019,11,"$83,000.00","$20,300.00"
410,38,7/26/2019,23,"$93,000.00","$9,100.00"
411,168,1/6/2019,5,"$13,000.00","$13,300.00"
412,186,12/28/2019,7,"$65,000.00","$16,000.00"
413,137,5/10/2019,3,"$72,000.00","$21,000.00"
414,95,4/19/2019,19,"$17,000.00","$6,200.00"
415,176,1/18/2019,11,"$37,000.00","$23,900.00"
416,2,12/25/2019,18,"$63,000.00","$8,900.00"
417,164,9/5/2019,7,"$75,000.00","$13,400.00"
418,187,2/14/2019,10,"$99,000.00","$6,800.00"
419,140,3/20/2019,20,"$32,000.00","$11,900.00"
420,83,4/15/2019,1,"$71,000.00","$12,000.00"
421,191,6/1/2019,17,"$13,000.00","$17,200.00"
422,39,6/26/2019,16,"$19,000.00","$23,700.00"
423,34,4/12/2019,8,"$27,000.00","$16,900.00"
424,1,3/13/2019,15,"$77,000.00","$14,300.00"
425,29,1/26/2019,10,"$67,000.00","$18,200.00"
426,177,3/20/2019,23,"$54,000.00","$9,800.00"
427,155,6/5/2019,9,"$94,000.00","$17,600.00"
428,90,7/3/2019,19,"$61,000.00","$5,100.00"
429,191,7/3/2019,13,"$31,000.00","$5,900.00"
430,10,1/22/2019,2,"$96,000.00","$14,300.00"
431,43,5/7/2019,16,"$68,000.00","$7,200.00"
432,106,2/23/2019,21,"$61,000.00","$12,600.00"
433,148,4/5/2019,21,"$74,000.00","$10,200.00"
434,97,10/4/2019,15,"$15,000.00","$11,100.00"
435,28,3/5/2019,6,"$86,000.00","$18,700.00"
436,164,1/11/2019,6,"$40,000.00","$23,100.00"
437,100,1/22/2019,8,"$88,000.00","$7,000.00"
438,1,10/16/2019,22,"$39,000.00","$20,000.00"
439,123,1/29/2019,14,"$78,000.00","$8,300.00"
440,6,6/5/2019,22,"$84,000.00","$22,600.00"
441,66,2/19/2019,2,"$66,000.00","$12,900.00"
442,34,4/30/2019,14,"$64,000.00","$19,300.00"
443,41,3/14/2019,17,"$74,000.00","$23,300.00"
444,176,1/4/2019,12,"$35,000.00","$5,300.00"
445,17,5/23/2019,8,"$75,000.00","$21,200.00"
446,142,12/6/2019,22,"$24,000.00","$10,100.00"
447,56,5/14/2019,12,"$65,000.00","$25,000.00"
448,77,10/27/2019,1,"$62,000.00","$16,400.00"
449,180,5/9/2019,14,"$45,000.00","$16,600.00"
450,9,3/17/2019,15,"$17,000.00","$23,600.00"
451,21,11/7/2019,23,"$79,000.00","$8,600.00"
452,55,9/23/2019,14,"$81,000.00","$16,100.00"
453,110,5/12/2019,6,"$70,000.00","$11,700.00"
454,185,2/20/2019,21,"$30,000.00","$5,400.00"
455,47,11/13/2019,2,"$24,000.00","$24,700.00"
456,163,10/7/2019,11,"$51,000.00","$5,000.00"
457,161,8/7/2019,11,"$23,000.00","$9,600.00"
458,186,12/2/2019,2,"$90,000.00","$13,200.00"
459,94,9/2/2019,12,"$88,000.00","$10,700.00"
460,157,10/14/2019,17,"$71,000.00","$21,300.00"
461,113,3/29/2019,3,"$50,000.00","$12,600.00"
462,18,9/1/2019,12,"$94,000.00","$15,900.00"
463,115,11/27/2019,15,"$72,000.00","$23,800.00"
464,142,12/17/2019,14,"$90,000.00","$8,400.00"
465,163,7/13/2019,15,"$14,000.00","$17,100.00"
466,28,5/6/2019,23,"$54,000.00","$15,300.00"
467,67,3/15/2019,2,"$24,000.00","$14,800.00"
468,86,8/25/2019,12,"$95,000.00","$20,500.00"
469,156,1/8/2019,3,"$43,000.00","$21,300.00"
470,103,5/4/2019,3,"$56,000.00","$7,400.00"
471,95,3/20/2019,6,"$27,000.00","$19,300.00"
472,141,3/3/2019,5,"$35,000.00","$12,700.00"
473,53,5/10/2019,1,"$22,000.00","$8,100.00"
474,118,3/8/2019,13,"$59,000.00","$17,700.00"
475,167,12/21/2019,21,"$96,000.00","$9,900.00"
476,77,10/3/2019,17,"$31,000.00","$16,300.00"
477,43,10/16/2019,23,"$39,000.00","$22,600.00"
478,103,4/4/2019,8,"$82,000.00","$11,400.00"
479,36,8/12/2019,10,"$63,000.00","$15,100.00"
480,104,7/20/2019,16,"$12,000.00","$23,400.00"
481,163,1/3/2019,4,"$90,000.00","$6,300.00"
482,50,2/11/2019,13,"$35,000.00","$5,200.00"
483,169,4/9/2019,21,"$35,000.00","$13,500.00"
484,170,3/24/2019,20,"$31,000.00","$22,300.00"
485,151,7/5/2019,12,"$86,000.00","$19,200.00"
486,62,10/7/2019,1,"$68,000.00","$24,900.00"
487,47,5/7/2019,23,"$25,000.00","$22,500.00"
488,80,11/18/2019,16,"$21,000.00","$13,000.00"
489,72,7/10/2019,23,"$72,000.00","$10,900.00"
490,188,6/25/2019,15,"$50,000.00","$7,800.00"
491,121,11/6/2019,1,"$12,000.00","$9,600.00"
492,131,5/22/2019,1,"$81,000.00","$13,200.00"
493,195,8/23/2019,13,"$19,000.00","$11,000.00"
494,6,5/21/2019,14,"$41,000.00","$6,100.00"
495,23,12/16/2019,4,"$76,000.00","$9,300.00"
496,128,7/11/2019,3,"$94,000.00","$10,900.00"
497,80,9/1/2019,20,"$94,000.00","$6,200.00"
498,127,5/21/2019,22,"$39,000.00","$16,200.00"
499,65,1/30/2019,12,"$72,000.00","$11,900.00"
500,62,6/14/2019,6,"$76,000.00","$6,400.00"
501,5,10/23/2019,5,"$75,000.00","$19,300.00"
502,47,8/18/2019,17,"$68,000.00","$11,200.00"
503,22,11/10/2019,1,"$64,000.00","$20,400.00"
504,39,8/25/2019,22,"$66,000.00","$10,100.00"
505,137,6/2/2019,17,"$27,000.00","$18,100.00"
506,152,5/8/2019,5,"$67,000.00","$14,400.00"
507,76,10/14/2019,24,"$81,000.00","$10,900.00"
508,198,3/31/2019,23,"$32,000.00","$25,000.00"
509,29,12/30/2019,24,"$91,000.00","$9,400.00"
510,160,2/6/2019,16,"$89,000.00","$15,600.00"
511,115,12/14/2019,6,"$94,000.00","$13,200.00"
512,173,4/18/2019,12,"$59,000.00","$13,500.00"
513,72,7/6/2019,15,"$91,000.00","$18,000.00"
514,10,3/29/2019,21,"$43,000.00","$24,400.00"
515,59,5/18/2019,9,"$61,000.00","$18,700.00"
516,175,8/5/2019,2,"$68,000.00","$23,900.00"
517,39,5/10/2019,4,"$87,000.00","$24,500.00"
518,143,8/5/2019,24,"$84,000.00","$22,800.00"
519,50,3/29/2019,13,"$58,000.00","$24,200.00"
520,184,5/29/2019,10,"$85,000.00","$23,600.00"
521,114,7/6/2019,2,"$15,000.00","$18,200.00"
522,157,8/21/2019,11,"$98,000.00","$17,200.00"
523,181,5/20/2019,19,"$54,000.00","$24,000.00"
524,171,4/18/2019,11,"$24,000.00","$9,700.00"
525,4,1/8/2019,15,"$50,000.00","$24,500.00"
526,14,10/16/2019,19,"$31,000.00","$17,200.00"
527,107,11/22/2019,11,"$95,000.00","$6,400.00"
528,119,7/19/2019,4,"$75,000.00","$9,400.00"
529,17,10/23/2019,20,"$21,000.00","$15,600.00"
530,117,12/29/2019,14,"$70,000.00","$21,800.00"
531,153,10/23/2019,9,"$49,000.00","$13,400.00"
532,54,3/15/2019,15,"$26,000.00","$16,900.00"
533,162,6/7/2019,6,"$14,000.00","$12,700.00"
534,179,4/27/2019,8,"$89,000.00","$11,000.00"
535,15,9/19/2019,12,"$45,000.00","$23,300.00"
536,193,3/3/2019,1,"$44,000.00","$17,800.00"
537,190,5/24/2019,3,"$75,000.00","$13,000.00"
538,12,8/15/2019,20,"$15,000.00","$24,500.00"
539,73,11/30/2019,12,"$79,000.00","$15,900.00"
540,200,4/17/2019,3,"$65,000.00","$9,800.00"
541,168,5/22/2019,7,"$65,000.00","$22,400.00"
542,13,6/23/2019,10,"$27,000.00","$21,200.00"
543,36,12/16/2019,10,"$84,000.00","$12,700.00"
544,88,4/7/2019,6,"$19,000.00","$13,200.00"
545,47,9/11/2019,11,"$92,000.00","$19,600.00"
546,197,4/23/2019,18,"$16,000.00","$22,700.00"
547,14,8/21/2019,8,"$41,000.00","$9,700.00"
548,22,7/13/2019,1,"$55,000.00","$5,300.00"
549,153,6/18/2019,12,"$54,000.00","$11,700.00"
550,36,11/6/2019,24,"$83,000.00","$19,100.00"
551,54,8/13/2019,5,"$47,000.00","$14,400.00"
552,188,9/3/2019,23,"$59,000.00","$9,100.00"
553,140,11/18/2019,10,"$48,000.00","$23,800.00"
554,85,8/4/2019,4,"$37,000.00","$16,200.00"
555,32,8/8/2019,18,"$96,000.00","$23,400.00"
556,52,6/12/2019,1,"$53,000.00","$8,600.00"
557,17,3/24/2019,17,"$25,000.00","$18,200.00"
558,117,7/7/2019,3,"$24,000.00","$12,100.00"
559,13,6/2/2019,11,"$11,000.00","$17,100.00"
560,22,3/10/2019,11,"$79,000.00","$12,100.00"
561,148,11/23/2019,7,"$60,000.00","$17,900.00"
562,196,12/21/2019,21,"$81,000.00","$24,300.00"
563,61,5/3/2019,19,"$26,000.00","$18,900.00"
564,61,8/6/2019,7,"$56,000.00","$18,200.00"
565,83,8/25/2019,2,"$58,000.00","$11,000.00"
566,165,3/10/2019,23,"$92,000.00","$24,600.00"
567,24,6/6/2019,24,"$74,000.00","$11,000.00"
568,88,3/5/2019,8,"$73,000.00","$13,000.00"
569,108,5/12/2019,20,"$40,000.00","$10,300.00"
570,156,10/20/2019,18,"$64,000.00","$17,700.00"
571,95,9/3/2019,22,"$15,000.00","$14,900.00"
572,41,1/7/2019,10,"$20,000.00","$17,900.00"
573,40,12/2/2019,2,"$28,000.00","$6,500.00"
574,124,9/20/2019,12,"$54,000.00","$11,100.00"
575,166,11/23/2019,17,"$80,000.00","$16,800.00"
576,175,8/12/2019,15,"$73,000.00","$12,900.00"
577,173,3/8/2019,2,"$97,000.00","$13,300.00"
578,122,5/3/2019,18,"$22,000.00","$12,900.00"
579,180,1/31/2019,20,"$91,000.00","$12,500.00"
580,198,3/16/2019,22,"$22,000.00","$12,100.00"
581,135,11/27/2019,14,"$59,000.00","$18,400.00"
582,161,11/29/2019,5,"$42,000.00","$24,800.00"
583,191,4/5/2019,18,"$34,000.00","$14,800.00"
584,127,11/28/2019,8,"$57,000.00","$15,800.00"
585,102,4/21/2019,4,"$88,000.00","$18,800.00"
586,198,2/24/2019,16,"$54,000.00","$22,000.00"
587,41,1/9/2019,9,"$13,000.00","$13,200.00"
588,21,6/23/2019,4,"$16,000.00","$17,700.00"
589,71,1/4/2019,24,"$64,000.00","$22,000.00"
590,160,9/29/2019,24,"$37,000.00","$6,500.00"
591,81,12/5/2019,14,"$36,000.00","$20,900.00"
592,48,9/11/2019,14,"$54,000.00","$14,000.00"
593,178,8/26/2019,19,"$76,000.00","$23,600.00"
594,113,9/9/2019,10,"$57,000.00","$6,600.00"
595,152,3/10/2019,17,"$77,000.00","$11,200.00"
596,3,12/1/2019,1,"$19,000.00","$13,500.00"
597,55,5/23/2019,10,"$82,000.00","$21,900.00"
598,148,12/27/2019,4,"$42,000.00","$24,600.00"
599,190,9/5/2019,2,"$21,000.00","$6,600.00"
600,111,5/14/2019,11,"$80,000.00","$8,800.00"
601,165,3/3/2019,14,"$43,000.00","$23,700.00"
602,84,2/22/2019,3,"$61,000.00","$14,000.00"
603,3,2/8/2019,7,"$76,000.00","$7,900.00"
604,174,3/10/2019,2,"$87,000.00","$22,700.00"
605,31,10/26/2019,16,"$43,000.00","$12,400.00"
606,43,8/7/2019,10,"$55,000.00","$6,200.00"
607,168,11/23/2019,2,"$57,000.00","$8,200.00"
608,106,2/8/2019,22,"$58,000.00","$22,300.00"
609,189,10/26/2019,22,"$41,000.00","$8,900.00"
610,84,10/20/2019,7,"$93,000.00","$13,400.00"
611,77,9/29/2019,3,"$76,000.00","$9,900.00"
612,7,12/3/2019,15,"$65,000.00","$22,700.00"
613,76,5/5/2019,17,"$89,000.00","$23,200.00"
614,71,4/13/2019,18,"$97,000.00","$19,900.00"
615,56,3/25/2019,24,"$87,000.00","$5,400.00"
616,156,1/31/2019,1,"$16,000.00","$23,200.00"
617,20,6/6/2019,16,"$68,000.00","$14,200.00"
618,60,7/2/2019,10,"$35,000.00","$13,900.00"
619,49,5/24/2019,17,"$51,000.00","$10,600.00"
620,15,10/11/2019,20,"$100,000.00","$6,000.00"
621,179,8/6/2019,7,"$41,000.00","$9,100.00"
622,143,6/6/2019,10,"$38,000.00","$7,600.00"
623,52,3/25/2019,14,"$47,000.00","$12,300.00"
624,129,7/16/2019,11,"$53,000.00","$14,400.00"
625,59,12/18/2019,4,"$31,000.00","$7,900.00"
626,76,12/17/2019,6,"$90,000.00","$20,600.00"
627,168,1/1/2019,8,"$78,000.00","$18,700.00"
628,51,7/8/2019,1,"$67,000.00","$24,000.00"
629,165,12/10/2019,9,"$86,000.00","$6,100.00"
630,200,11/1/2019,12,"$85,000.00","$12,600.00"
631,120,11/1/2019,10,"$12,000.00","$12,300.00"
632,73,3/10/2019,9,"$84,000.00","$19,500.00"
633,23,3/11/2019,22,"$30,000.00","$11,100.00"
634,179,6/21/2019,12,"$15,000.00","$13,900.00"
635,109,11/16/2019,7,"$82,000.00","$9,200.00"
636,63,5/18/2019,11,"$88,000.00","$17,700.00"
637,31,1/6/2019,12,"$29,000.00","$9,500.00"
638,54,4/23/2019,2,"$92,000.00","$10,600.00"
639,123,7/17/2019,12,"$50,000.00","$22,800.00"
640,85,1/21/2019,7,"$45,000.00","$16,900.00"
641,24,6/22/2019,22,"$84,000.00","$6,300.00"
642,166,7/10/2019,7,"$37,000.00","$24,400.00"
643,172,9/24/2019,5,"$77,000.00","$22,100.00"
644,94,2/9/2019,5,"$17,000.00","$24,400.00"
645,2,9/20/2019,3,"$34,000.00","$19,100.00"
646,105,8/18/2019,6,"$62,000.00","$11,100.00"
647,188,3/22/2019,6,"$86,000.00","$24,100.00"
648,84,5/29/2019,6,"$27,000.00","$23,900.00"
649,198,9/4/2019,8,"$77,000.00","$13,800.00"
650,41,4/6/2019,13,"$48,000.00","$17,400.00"
651,156,11/27/2019,11,"$60,000.00","$9,600.00"
652,40,7/21/2019,3,"$69,000.00","$6,800.00"
653,55,11/28/2019,1,"$77,000.00","$5,500.00"
654,104,9/14/2019,6,"$92,000.00","$13,500.00"
655,49,8/26/2019,6,"$55,000.00","$12,000.00"
656,81,2/1/2019,1,"$45,000.00","$15,700.00"
657,1,8/27/2019,24,"$67,000.00","$22,400.00"
658,151,12/29/2019,3,"$77,000.00","$11,800.00"
659,72,3/28/2019,17,"$19,000.00","$14,200.00"
660,189,4/9/2019,4,"$28,000.00","$9,200.00"
661,76,11/9/2019,11,"$56,000.00","$13,200.00"
662,53,11/30/2019,5,"$20,000.00","$15,000.00"
663,163,11/11/2019,21,"$50,000.00","$18,200.00"
664,69,5/29/2019,15,"$70,000.00","$5,900.00"
665,70,9/27/2019,1,"$22,000.00","$24,300.00"
666,171,1/19/2019,6,"$95,000.00","$12,300.00"
667,176,9/13/2019,18,"$20,000.00","$22,900.00"
668,45,12/13/2019,7,"$69,000.00","$17,700.00"
669,134,2/24/2019,13,"$18,000.00","$18,300.00"
670,168,6/17/2019,8,"$19,000.00","$14,800.00"
671,128,10/18/2019,16,"$49,000.00","$13,100.00"
672,61,8/12/2019,17,"$14,000.00","$18,100.00"
673,94,5/12/2019,14,"$14,000.00","$14,000.00"
674,15,2/16/2019,2,"$88,000.00","$16,600.00"
675,195,8/3/2019,11,"$14,000.00","$6,100.00"
676,59,5/9/2019,20,"$11,000.00","$21,400.00"
677,29,8/22/2019,1,"$24,000.00","$20,400.00"
678,14,1/7/2019,6,"$75,000.00","$24,100.00"
679,59,4/16/2019,23,"$84,000.00","$8,700.00"
680,148,11/20/2019,4,"$37,000.00","$23,300.00"
681,11,10/27/2019,3,"$47,000.00","$23,700.00"
682,36,1/14/2019,12,"$92,000.00","$8,500.00"
683,131,8/19/2019,4,"$58,000.00","$7,100.00"
684,81,10/2/2019,21,"$31,000.00","$20,400.00"
685,147,9/8/2019,14,"$20,000.00","$15,000.00"
686,109,6/23/2019,6,"$39,000.00","$20,500.00"
687,37,8/8/2019,5,"$14,000.00","$12,800.00"
688,97,2/27/2019,10,"$87,000.00","$18,700.00"
689,130,11/4/2019,10,"$100,000.00","$20,200.00"
690,73,11/10/2019,11,"$98,000.00","$15,600.00"
691,166,3/28/2019,22,"$78,000.00","$13,400.00"
692,114,8/24/2019,9,"$97,000.00","$16,700.00"
693,72,5/30/2019,14,"$51,000.00","$21,300.00"
694,101,10/23/2019,24,"$51,000.00","$14,100.00"
695,23,1/12/2019,22,"$100,000.00","$23,200.00"
696,65,8/9/2019,19,"$38,000.00","$10,600.00"
697,163,9/12/2019,1,"$15,000.00","$13,400.00"
698,135,11/25/2019,3,"$13,000.00","$6,500.00"
699,8,4/13/2019,2,"$66,000.00","$15,600.00"
700,20,8/4/2019,20,"$19,000.00","$19,100.00"
701,115,10/9/2019,19,"$98,000.00","$23,100.00"
702,28,7/29/2019,3,"$65,000.00","$21,800.00"
703,23,11/12/2019,14,"$55,000.00","$13,700.00"
704,100,4/3/2019,3,"$66,000.00","$21,300.00"
705,144,4/6/2019,16,"$49,000.00","$20,400.00"
706,176,12/19/2019,23,"$55,000.00","$13,400.00"
707,5,5/23/2019,6,"$46,000.00","$19,600.00"
708,73,7/5/2019,18,"$56,000.00","$23,800.00"
709,193,4/10/2019,17,"$34,000.00","$5,500.00"
710,142,10/23/2019,21,"$87,000.00","$5,900.00"
711,89,8/4/2019,17,"$100,000.00","$5,200.00"
712,80,1/15/2019,23,"$71,000.00","$15,200.00"
713,173,3/28/2019,1,"$52,000.00","$18,900.00"
714,130,9/25/2019,9,"$32,000.00","$12,500.00"
715,47,1/23/2019,2,"$34,000.00","$15,600.00"
716,57,12/21/2019,5,"$98,000.00","$18,700.00"
717,172,4/26/2019,24,"$23,000.00","$9,900.00"
718,14,10/20/2019,21,"$52,000.00","$14,800.00"
719,129,2/26/2019,3,"$79,000.00","$16,700.00"
720,189,2/23/2019,17,"$55,000.00","$15,000.00"
721,78,9/15/2019,6,"$71,000.00","$18,200.00"
722,99,3/27/2019,15,"$92,000.00","$22,200.00"
723,32,8/11/2019,3,"$31,000.00","$17,300.00"
724,189,5/20/2019,5,"$75,000.00","$18,100.00"
725,116,12/29/2019,3,"$46,000.00","$23,300.00"
726,192,12/21/2019,6,"$12,000.00","$7,400.00"
727,123,5/23/2019,18,"$11,000.00","$8,600.00"
728,35,9/17/2019,20,"$73,000.00","$12,200.00"
729,70,2/5/2019,4,"$85,000.00","$9,600.00"
730,57,4/28/2019,3,"$27,000.00","$5,400.00"
731,183,4/20/2019,21,"$14,000.00","$20,600.00"
732,26,6/21/2019,13,"$13,000.00","$5,200.00"
733,187,5/17/2019,12,"$95,000.00","$11,700.00"
734,71,2/16/2019,24,"$24,000.00","$22,900.00"
735,167,2/25/2019,2,"$51,000.00","$19,200.00"
736,77,6/22/2019,2,"$91,000.00","$17,400.00"
737,173,5/25/2019,4,"$63,000.00","$10,100.00"
738,35,5/30/2019,13,"$58,000.00","$23,200.00"
739,20,4/18/2019,19,"$55,000.00","$7,800.00"
740,29,12/10/2019,21,"$85,000.00","$18,800.00"
741,69,10/15/2019,22,"$96,000.00","$6,900.00"
742,183,7/4/2019,23,"$28,000.00","$17,900.00"
743,14,9/18/2019,13,"$29,000.00","$18,600.00"
744,84,10/10/2019,3,"$36,000.00","$17,000.00"
745,136,1/19/2019,3,"$99,000.00","$15,500.00"
746,11,10/10/2019,5,"$54,000.00","$17,000.00"
747,136,6/6/2019,9,"$93,000.00","$11,000.00"
748,165,6/21/2019,23,"$23,000.00","$14,400.00"
749,49,6/7/2019,24,"$60,000.00","$9,300.00"
750,119,12/9/2019,3,"$25,000.00","$22,900.00"
751,160,2/19/2019,9,"$52,000.00","$10,800.00"
752,176,10/5/2019,18,"$14,000.00","$16,900.00"
753,199,8/3/2019,22,"$38,000.00","$8,700.00"
754,2,11/15/2019,12,"$76,000.00","$6,600.00"
755,125,1/4/2019,2,"$71,000.00","$20,400.00"
756,112,6/29/2019,9,"$34,000.00","$20,700.00"
757,21,2/7/2019,6,"$39,000.00","$18,400.00"
758,80,1/24/2019,1,"$28,000.00","$7,000.00"
759,3,6/3/2019,9,"$91,000.00","$10,900.00"
760,92,12/28/2019,1,"$31,000.00","$23,900.00"
761,20,8/15/2019,24,"$60,000.00","$23,400.00"
762,173,10/5/2019,24,"$77,000.00","$10,100.00"
763,32,7/11/2019,2,"$76,000.00","$17,100.00"
764,32,4/26/2019,15,"$37,000.00","$16,800.00"
765,55,8/24/2019,15,"$23,000.00","$12,000.00"
766,177,4/19/2019,3,"$91,000.00","$23,900.00"
767,177,1/25/2019,12,"$76,000.00","$19,800.00"
768,187,11/2/2019,1,"$94,000.00","$12,700.00"
769,62,1/28/2019,22,"$53,000.00","$18,800.00"
770,103,3/7/2019,6,"$85,000.00","$22,400.00"
771,26,6/7/2019,5,"$51,000.00","$14,000.00"
772,174,5/10/2019,23,"$24,000.00","$6,000.00"
773,17,12/8/2019,8,"$80,000.00","$11,200.00"
774,164,8/18/2019,9,"$79,000.00","$23,400.00"
775,188,6/15/2019,10,"$46,000.00","$19,700.00"
776,98,7/12/2019,1,"$86,000.00","$20,900.00"
777,127,12/26/2019,10,"$59,000.00","$9,600.00"
778,46,1/2/2019,5,"$38,000.00","$10,900.00"
779,168,5/24/2019,10,"$12,000.00","$22,000.00"
780,179,2/26/2019,18,"$66,000.00","$16,400.00"
781,149,1/10/2019,2,"$92,000.00","$23,300.00"
782,88,11/5/2019,15,"$91,000.00","$13,800.00"
783,78,5/29/2019,3,"$81,000.00","$6,400.00"
784,119,7/1/2019,19,"$96,000.00","$16,100.00"
785,118,3/5/2019,20,"$99,000.00","$14,600.00"
786,107,6/26/2019,6,"$67,000.00","$8,200.00"
787,179,6/9/2019,7,"$11,000.00","$7,900.00"
788,81,1/9/2019,11,"$37,000.00","$23,900.00"
789,46,7/7/2019,6,"$48,000.00","$6,000.00"
790,61,8/23/2019,6,"$59,000.00","$6,100.00"
791,52,7/23/2019,21,"$32,000.00","$22,600.00"
792,131,1/10/2019,23,"$84,000.00","$10,200.00"
793,44,9/7/2019,24,"$16,000.00","$9,200.00"
794,93,8/6/2019,11,"$66,000.00","$5,400.00"
795,107,3/20/2019,11,"$70,000.00","$25,000.00"
796,50,4/22/2019,8,"$20,000.00","$13,400.00"
797,92,10/20/2019,6,"$18,000.00","$5,700.00"
798,11,3/17/2019,22,"$96,000.00","$19,800.00"
799,98,12/21/2019,18,"$41,000.00","$16,700.00"
800,33,2/7/2019,21,"$34,000.00","$8,900.00"
801,114,11/20/2019,20,"$57,000.00","$11,000.00"
802,62,6/8/2019,10,"$45,000.00","$5,800.00"
803,59,9/13/2019,14,"$25,000.00","$18,100.00"
804,156,7/29/2019,12,"$78,000.00","$11,700.00"
805,150,12/6/2019,4,"$75,000.00","$20,400.00"
806,198,6/12/2019,8,"$74,000.00","$23,900.00"
807,157,2/12/2019,6,"$76,000.00","$12,800.00"
808,89,8/11/2019,18,"$84,000.00","$15,000.00"
809,82,9/29/2019,23,"$23,000.00","$12,400.00"
810,99,7/7/2019,4,"$46,000.00","$18,800.00"
811,9,3/20/2019,7,"$69,000.00","$21,700.00"
812,67,2/18/2019,6,"$91,000.00","$10,100.00"
813,137,9/27/2019,21,"$95,000.00","$16,600.00"
814,171,7/6/2019,1,"$49,000.00","$9,300.00"
815,29,3/3/2019,3,"$49,000.00","$15,200.00"
816,104,8/24/2019,10,"$17,000.00","$19,800.00"
817,22,2/15/2019,9,"$38,000.00","$18,500.00"
818,169,11/15/2019,22,"$80,000.00","$16,900.00"
819,90,3/2/2019,17,"$95,000.00","$19,000.00"
820,166,8/5/2019,20,"$22,000.00","$12,900.00"
821,152,12/24/2019,16,"$92,000.00","$8,100.00"
822,97,6/18/2019,8,"$52,000.00","$22,100.00"
823,129,1/23/2019,2,"$68,000.00","$11,000.00"
824,16,3/19/2019,6,"$29,000.00","$19,200.00"
825,78,3/7/2019,24,"$78,000.00","$5,800.00"
826,186,12/29/2019,7,"$38,000.00","$21,800.00"
827,76,3/20/2019,22,"$52,000.00","$24,400.00"
828,187,12/16/2019,23,"$53,000.00","$13,100.00"
829,119,5/10/2019,22,"$60,000.00","$18,100.00"
830,83,4/19/2019,4,"$91,000.00","$11,200.00"
831,171,5/28/2019,19,"$15,000.00","$21,400.00"
832,77,6/29/2019,6,"$94,000.00","$9,700.00"
833,103,1/16/2019,5,"$59,000.00","$16,400.00"
834,42,2/18/2019,15,"$36,000.00","$6,900.00"
835,184,2/28/2019,20,"$38,000.00","$7,700.00"
836,58,9/3/2019,2,"$40,000.00","$22,100.00"
837,17,7/11/2019,16,"$76,000.00","$11,200.00"
838,39,4/13/2019,4,"$31,000.00","$9,600.00"
839,124,7/16/2019,18,"$57,000.00","$5,100.00"
840,185,10/2/2019,22,"$19,000.00","$16,000.00"
841,102,10/21/2019,8,"$41,000.00","$21,600.00"
842,97,10/12/2019,2,"$78,000.00","$12,300.00"
843,109,10/12/2019,16,"$43,000.00","$23,900.00"
844,25,2/25/2019,8,"$75,000.00","$6,200.00"
845,163,6/20/2019,17,"$42,000.00","$16,800.00"
846,77,1/19/2019,19,"$53,000.00","$20,000.00"
847,36,3/14/2019,12,"$54,000.00","$13,600.00"
848,1,11/15/2019,11,"$34,000.00","$10,700.00"
849,171,11/14/2019,5,"$82,000.00","$24,100.00"
850,154,8/31/2019,11,"$94,000.00","$17,100.00"
851,90,2/15/2019,10,"$74,000.00","$15,100.00"
852,153,7/10/2019,2,"$45,000.00","$7,900.00"
853,82,11/29/2019,5,"$35,000.00","$20,900.00"
854,119,5/11/2019,5,"$89,000.00","$17,200.00"
855,164,4/19/2019,7,"$46,000.00","$15,500.00"
856,177,3/31/2019,7,"$18,000.00","$8,800.00"
857,137,3/3/2019,8,"$38,000.00","$5,600.00"
858,143,7/19/2019,17,"$36,000.00","$20,200.00"
859,26,11/8/2019,8,"$81,000.00","$23,000.00"
860,188,4/19/2019,21,"$42,000.00","$12,300.00"
861,103,1/21/2019,13,"$78,000.00","$13,200.00"
862,200,10/2/2019,21,"$48,000.00","$6,500.00"
863,16,8/26/2019,4,"$17,000.00","$12,200.00"
864,154,3/20/2019,2,"$68,000.00","$14,600.00"
865,120,11/15/2019,24,"$90,000.00","$13,300.00"
866,62,11/16/2019,21,"$87,000.00","$21,800.00"
867,80,1/17/2019,22,"$71,000.00","$5,300.00"
868,136,5/16/2019,6,"$22,000.00","$5,700.00"
869,115,6/20/2019,5,"$73,000.00","$8,900.00"
870,186,7/16/2019,10,"$60,000.00","$17,300.00"
871,179,11/13/2019,16,"$87,000.00","$16,400.00"
872,133,8/24/2019,6,"$98,000.00","$24,300.00"
873,88,8/18/2019,14,"$63,000.00","$24,300.00"
874,39,11/19/2019,10,"$88,000.00","$20,900.00"
875,197,8/12/2019,9,"$41,000.00","$19,800.00"
876,41,12/20/2019,3,"$23,000.00","$12,000.00"
877,110,5/19/2019,20,"$41,000.00","$23,600.00"
878,179,1/26/2019,23,"$17,000.00","$9,100.00"
879,46,5/16/2019,11,"$89,000.00","$9,700.00"
880,23,2/11/2019,24,"$12,000.00","$19,100.00"
881,122,11/5/2019,4,"$71,000.00","$9,000.00"
882,197,4/2/2019,12,"$15,000.00","$11,600.00"
883,45,11/15/2019,4,"$57,000.00","$23,300.00"
884,122,5/10/2019,13,"$25,000.00","$16,100.00"
885,145,5/11/2019,19,"$45,000.00","$22,300.00"
886,143,9/10/2019,13,"$82,000.00","$9,200.00"
887,183,10/26/2019,20,"$38,000.00","$20,700.00"
888,174,11/11/2019,18,"$15,000.00","$22,000.00"
889,120,6/22/2019,19,"$64,000.00","$14,800.00"
890,135,8/21/2019,21,"$18,000.00","$12,400.00"
891,182,12/23/2019,2,"$21,000.00","$22,500.00"
892,58,9/17/2019,9,"$37,000.00","$20,500.00"
893,41,4/6/2019,24,"$37,000.00","$19,900.00"
894,88,7/4/2019,13,"$71,000.00","$23,800.00"
895,57,12/24/2019,17,"$93,000.00","$15,600.00"
896,4,2/5/2019,18,"$85,000.00","$5,600.00"
897,180,8/29/2019,20,"$24,000.00","$12,700.00"
898,102,4/8/2019,22,"$72,000.00","$15,900.00"
899,31,3/6/2019,5,"$68,000.00","$5,300.00"
900,107,9/27/2019,19,"$42,000.00","$18,100.00"
901,192,8/29/2019,13,"$64,000.00","$18,900.00"
902,94,6/30/2019,19,"$20,000.00","$11,500.00"
903,71,8/3/2019,21,"$71,000.00","$13,900.00"
904,74,2/26/2019,19,"$53,000.00","$14,300.00"
905,195,11/10/2019,17,"$41,000.00","$13,700.00"
906,119,3/2/2019,5,"$96,000.00","$14,700.00"
907,190,5/19/2019,7,"$21,000.00","$18,300.00"
908,122,6/5/2019,14,"$70,000.00","$14,600.00"
909,93,4/4/2019,4,"$83,000.00","$24,000.00"
910,120,7/22/2019,5,"$58,000.00","$15,600.00"
911,119,10/1/2019,20,"$75,000.00","$21,200.00"
912,134,8/21/2019,10,"$68,000.00","$9,900.00"
913,66,7/11/2019,17,"$13,000.00","$6,700.00"
914,61,12/12/2019,11,"$34,000.00","$10,600.00"
915,176,7/13/2019,19,"$34,000.00","$22,000.00"
916,27,3/26/2019,5,"$30,000.00","$16,000.00"
917,72,9/19/2019,20,"$42,000.00","$13,600.00"
918,101,11/1/2019,17,"$22,000.00","$13,700.00"
919,61,4/3/2019,5,"$36,000.00","$5,400.00"
920,159,1/14/2019,3,"$26,000.00","$11,000.00"
921,77,2/21/2019,6,"$41,000.00","$15,600.00"
922,149,7/7/2019,14,"$24,000.00","$19,000.00"
923,27,3/9/2019,20,"$31,000.00","$12,300.00"
924,81,9/9/2019,12,"$47,000.00","$5,200.00"
925,37,9/18/2019,16,"$42,000.00","$19,600.00"
926,153,3/9/2019,11,"$98,000.00","$18,400.00"
927,104,4/23/2019,7,"$100,000.00","$16,700.00"
928,197,8/31/2019,19,"$84,000.00","$6,200.00"
929,170,8/3/2019,11,"$76,000.00","$12,900.00"
930,180,5/8/2019,13,"$78,000.00","$16,600.00"
931,172,10/15/2019,3,"$92,000.00","$8,800.00"
932,98,12/15/2019,4,"$59,000.00","$7,800.00"
933,43,8/6/2019,14,"$45,000.00","$15,600.00"
934,152,4/27/2019,7,"$98,000.00","$11,600.00"
935,167,2/1/2019,11,"$24,000.00","$7,500.00"
936,183,11/14/2019,22,"$67,000.00","$21,000.00"
937,104,8/27/2019,11,"$68,000.00","$16,100.00"
938,63,2/28/2019,12,"$72,000.00","$8,700.00"
939,135,4/5/2019,19,"$80,000.00","$9,500.00"
940,173,9/3/2019,21,"$36,000.00","$25,000.00"
941,92,4/19/2019,14,"$27,000.00","$5,500.00"
942,62,7/19/2019,4,"$98,000.00","$7,000.00"
943,194,7/15/2019,14,"$18,000.00","$22,800.00"
944,183,3/20/2019,1,"$39,000.00","$9,600.00"
945,198,2/2/2019,24,"$81,000.00","$24,500.00"
946,81,9/11/2019,11,"$78,000.00","$7,900.00"
947,32,4/17/2019,22,"$11,000.00","$15,500.00"
948,91,4/24/2019,19,"$58,000.00","$12,200.00"
949,21,12/28/2019,4,"$98,000.00","$16,800.00"
950,71,3/19/2019,12,"$16,000.00","$24,600.00"
951,98,2/19/2019,11,"$15,000.00","$13,800.00"
952,52,12/10/2019,7,"$57,000.00","$20,800.00"
953,3,3/7/2019,18,"$38,000.00","$9,900.00"
954,2,1/31/2019,14,"$15,000.00","$24,300.00"
955,182,1/19/2019,12,"$14,000.00","$8,400.00"
956,83,8/18/2019,1,"$43,000.00","$21,400.00"
957,83,2/9/2019,19,"$27,000.00","$8,100.00"
958,125,5/3/2019,8,"$63,000.00","$23,400.00"
959,151,7/4/2019,20,"$75,000.00","$10,600.00"
960,155,4/22/2019,19,"$54,000.00","$18,400.00"
961,56,6/6/2019,16,"$82,000.00","$11,400.00"
962,26,7/28/2019,4,"$77,000.00","$24,300.00"
963,9,3/8/2019,24,"$43,000.00","$18,600.00"
964,62,6/3/2019,1,"$37,000.00","$17,700.00"
965,27,2/5/2019,12,"$30,000.00","$10,600.00"
966,102,4/3/2019,7,"$66,000.00","$12,800.00"
967,137,3/2/2019,9,"$16,000.00","$19,500.00"
968,95,1/19/2019,7,"$47,000.00","$12,400.00"
969,70,8/11/2019,18,"$92,000.00","$22,000.00"
970,177,10/22/2019,17,"$74,000.00","$8,900.00"
971,178,7/12/2019,23,"$33,000.00","$20,600.00"
972,185,10/3/2019,10,"$93,000.00","$15,100.00"
973,200,8/21/2019,1,"$47,000.00","$12,300.00"
974,107,12/10/2019,24,"$14,000.00","$19,900.00"
975,47,9/25/2019,22,"$75,000.00","$15,600.00"
976,199,1/27/2019,5,"$94,000.00","$17,700.00"
977,196,3/16/2019,12,"$30,000.00","$8,900.00"
978,166,11/21/2019,10,"$43,000.00","$20,900.00"
979,182,5/2/2019,22,"$67,000.00","$19,000.00"
980,47,10/23/2019,15,"$24,000.00","$9,400.00"
981,164,8/20/2019,11,"$30,000.00","$23,400.00"
982,178,12/20/2019,6,"$66,000.00","$7,400.00"
983,45,1/5/2019,17,"$93,000.00","$22,100.00"
984,58,7/4/2019,17,"$60,000.00","$23,300.00"
985,129,9/24/2019,23,"$17,000.00","$10,200.00"
986,24,5/20/2019,15,"$84,000.00","$22,500.00"
987,156,12/25/2019,4,"$53,000.00","$8,500.00"
988,143,2/20/2019,22,"$83,000.00","$18,300.00"
989,53,1/19/2019,9,"$14,000.00","$8,900.00"
990,119,11/5/2019,19,"$46,000.00","$10,800.00"
991,39,12/29/2019,21,"$17,000.00","$20,500.00"
992,167,10/11/2019,19,"$28,000.00","$6,600.00"
993,32,1/5/2019,16,"$10,000.00","$16,900.00"
994,164,10/22/2019,20,"$26,000.00","$15,800.00"
995,17,11/2/2019,8,"$41,000.00","$14,600.00"
996,57,11/8/2019,15,"$38,000.00","$5,300.00"
997,126,1/13/2019,20,"$28,000.00","$16,000.00"
998,89,5/8/2019,7,"$73,000.00","$18,400.00"
999,52,3/26/2019,7,"$63,000.00","$21,600.00"
1000,3,3/19/2019,16,"$23,000.00","$15,700.00"
